INSERT INTO niveau_acces (id, niveau,labelle) VALUES
(1,1,'Visiteur'),
(2,2,'Administrateur');

INSERT INTO region (id,nom) VALUES
(1,'GRAND EST'),
(2,'HAUTS-DE-FRANCE'),
(3,'ÎLE-DE-FRANCE'),
(4,'NORMANDIE'),
(5,'BRETAGNE'),
(6,'PAYS DE LA LOIRE'),
(7,'CENTRE-VAL DE LOIRE'),
(8,'BOURGOGNE-FRANCHE-COMTE'),
(9,'NOUVELLE AQUITAINE'),
(10,'AUVERGNE-RHÔNE-ALPES'),
(11,'OCCITANIE'),
(12,'PROVENCE-ALPES-CÔTE D''AZUR'),
(13,'CORSE'),
(14,'FRANCE D''OUTRE-MER');



INSERT INTO departement (id,numero,nom,region_id) VALUES
(1, '01', 'Ain',10),
(2, '02', 'Aisne',2),
(3, '03', 'Allier',10),
(5, '05', 'Hautes-Alpes',12),
(4, '04', 'Alpes-de-Haute-Provence',12),
(6, '06', 'Alpes-Maritimes',12),
(7, '07', 'Ardèche',10),
(8, '08', 'Ardennes',1),
(9, '09', 'Ariège',11),
(10, '10', 'Aube',1),
(11, '11', 'Aude',11),
(12, '12', 'Aveyron',11),
(13, '13', 'Bouches-du-Rhône',12),
(14, '14', 'Calvados',4),
(15, '15', 'Cantal',10),
(16, '16', 'Charente',9),
(17, '17', 'Charente-Maritime',9),
(18, '18', 'Cher',7),
(19, '19', 'Corrèze',9),
(20, '20', 'Corse-du-sud',13),
(21, '21', 'Haute-corse',13),
(22, '21', 'Côte-d''Or',8),
(23, '22', 'Côtes-d''armor',5),
(24, '23', 'Creuse',9),
(25, '24', 'Dordogne',9),
(26, '25', 'Doubs',8),
(27, '26', 'Drôme',10),
(28, '27', 'Eure',4),
(29, '28', 'Eure-et-Loir',7),
(30, '29', 'Finistère',5),
(31, '30', 'Gard',11),
(32, '31', 'Haute-Garonne',11),
(33, '32', 'Gers',11),
(34, '33', 'Gironde',9),
(35, '34', 'Hérault',11),
(36, '35', 'Ile-et-Vilaine',5),
(37, '36', 'Indre',7),
(38, '37', 'Indre-et-Loire',7),
(39, '38', 'Isère',10),
(40, '39', 'Jura',8),
(41, '40', 'Landes',9),
(42, '41', 'Loir-et-Cher',7),
(43, '42', 'Loire',10),
(44, '43', 'Haute-Loire',10),
(45, '44', 'Loire-Atlantique',6),
(46, '45', 'Loiret',7),
(47, '46', 'Lot',11),
(48, '47', 'Lot-et-Garonne',9),
(49, '48', 'Lozère',11),
(50, '49', 'Maine-et-Loire',6),
(51, '50', 'Manche',4),
(52, '51', 'Marne',1),
(53, '52', 'Haute-Marne',1),
(54, '53', 'Mayenne',6),
(55, '54', 'Meurthe-et-Moselle',1),
(56, '55', 'Meuse',1),
(57, '56', 'Morbihan',5),
(58, '57', 'Moselle',1),
(59, '58', 'Nièvre',8),
(60, '59', 'Nord',2),
(61, '60', 'Oise',2),
(62, '61', 'Orne',4),
(63, '62', 'Pas-de-Calais',2),
(64, '63', 'Puy-de-Dôme',10),
(65, '64', 'Pyrénées-Atlantiques',9),
(66, '65', 'Hautes-Pyrénées',11),
(67, '66', 'Pyrénées-Orientales',11),
(68, '67', 'Bas-Rhin',1),
(69, '68', 'Haut-Rhin',1),
(70, '69', 'Rhône',10),
(71, '70', 'Haute-Saône',8),
(72, '71', 'Saône-et-Loire',8),
(73, '72', 'Sarthe',6),
(74, '73', 'Savoie',10),
(75, '74', 'Haute-Savoie',10),
(76, '75', 'Paris',3),
(77, '76', 'Seine-Maritime',4),
(78, '77', 'Seine-et-Marne',3),
(79, '78', 'Yvelines',3),
(80, '79', 'Deux-Sèvres',9),
(81, '80', 'Somme',2),
(82, '81', 'Tarn',11),
(83, '82', 'Tarn-et-Garonne',11),
(84, '83', 'Var',12),
(85, '84', 'Vaucluse',12),
(86, '85', 'Vendée',6),
(87, '86', 'Vienne',9),
(88, '87', 'Haute-Vienne',9),
(89, '88', 'Vosges',1),
(90, '89', 'Yonne',8),
(91, '90', 'Territoire de Belfort',8),
(92, '91', 'Essonne',3),
(93, '92', 'Hauts-de-Seine',3),
(94, '93', 'Seine-Saint-Denis',3),
(95, '94', 'Val-de-Marne',3),
(96, '95', 'Val-d''oise',3),
(97, '976', 'Mayotte',14),
(98, '971', 'Guadeloupe',14),
(99, '973', 'Guyane',14),
(100, '972', 'Martinique',14),
(101, '974', 'Réunion',14);

INSERT INTO cotation (niveau, valeur,couleur) VALUES
(1,'1a','rgb(255,85,220)'),
(2,'1a+','rgb(246,68,211)'),
(3,'1b','rgb(238,51,201)'),
(4,'1b+','rgb(229,34,190)'),
(5,'1c','rgb(221,17,180)'),
(6,'1c+','rgb(212,0,170)'),
(7,'2a','rgb(134,205,222)'),
(8,'2a+','rgb(119,198,218)'),
(9,'2b','rgb(103,191,213)'),
(10,'2b+','rgb(87,184,209)'),
(11,'2c','rgb(71,178,204)'),
(12,'2c+','rgb(55,170,200)'),
(13,'3a','rgb(255,221,84)'),
(14,'3a+','rgb(252,215,68)'),
(15,'3b','rgb(249,208,51)'),
(16,'3b+','rgb(246,202,34)'),
(17,'3c','rgb(243,195,17)'),
(18,'3c+','rgb(240,189,0)'),
(19,'4a','rgb(255,127,42)'),
(20,'4a+','rgb(246,119,34)'),
(21,'4b','rgb(238,110,25)'),
(22,'4b+','rgb(229,102,17)'),
(23,'4c','rgb(221,93,8)'),
(24,'4c+','rgb(212,85,0)'),
(25,'5a','rgb(170,212,0)'),
(26,'5a+','rgb(156,195,0)'),
(27,'5b','rgb(143,178,0)'),
(28,'5b+','rgb(129,161,0)'),
(29,'5c','rgb(115,144,0)'),
(30,'5c+','rgb(102,128,0)'),
(31,'6a','rgb(0,85,212)'),
(32,'6a+','rgb(0,75,186)'),
(33,'6b','rgb(0,64,161)'),
(34,'6b+','rgb(0,55,136)'),
(35,'6c','rgb(0,44,110)'),
(36,'6c+','rgb(0,34,85)'),
(37,'7a','rgb(171,55,200)'),
(38,'7a+','rgb(157,51,184)'),
(39,'7b','rgb(144,46,168)'),
(40,'7b+','	rgb(130,42,152)'),
(41,'7c','rgb(117,37,136)'),
(42,'7c+','rgb(103,33,120)'),
(43,'8a','rgb(255,59,59)'),
(44,'8a+','rgb(255,42,42)'),
(45,'8b','rgb(221,25,25)'),
(46,'8b+','rgb(204,17,17)'),
(47,'8c','rgb(187,8,8)'),
(48,'8c+','rgb(170,0,0)'),
(49,'9a','rgb(128,128,128)'),
(50,'9a+','rgb(102,102,102)'),
(51,'9b','rgb(77,77,77'),
(52,'9b+','rgb(51,51,51)'),
(53,'9c','rgb(25,25,25)'),
(54,'9c+','rgb(0,0,0)');

INSERT INTO compte (id, pseudo, prenom,nom,mot_de_passe,email,numero_de_telephone,niveau_acces_id) VALUES
(1,'Yocorps','Yoann','ROCHE','123','el-rambo-poto@hotmail.fr','0605097496',2),

INSERT INTO type_de_roche (id, type) VALUES
(1,'Calcaire'),
(2,'Grès'),
(3,'Granite'),
(4,'Volcanique'),
(5,'Gneiss'),
(6,'Quartzite'),
(7,'Métaphoriques');

